time;Si (?mol/L);Al (?mol/L)
0;0.102698151;1.151950086
0.016666667;0.256448831;1.394052458
0.033333333;0.448094558;1.59748982
0.05;0.699404826;1.723597163
0.066666667;1.011992191;1.827610216
0.083333333;1.211700694;2.108377597
0.1;1.463817239;2.344956395
0.116666667;1.708677287;2.639532708
0.133333333;2.007557933;2.884396866
0.15;2.298375803;3.046407432
0.166666667;2.665790045;3.180800135
0.183333333;2.964670691;3.456043943
0.2;3.340147708;3.684337382
0.216666667;3.67047318;4.161191596
0.233333333;4.078201301;4.557954005
0.25;4.416589549;5.032046432
0.266666667;4.839636944;5.428808841
0.283333333;5.140936423;6.005087365
0.3;5.510769497;6.487465151
0.316666667;5.843513802;7.094123325
0.333333333;6.260917254;7.604118975
0.35;6.578342285;8.017452102
0.366666667;6.98123274;8.364502356
0.383333333;7.168847079;9.009825539
0.4;7.40241924;9.547439054
0.416666667;7.636797679;10.2203801
0.433333333;7.932453215;10.78284969
0.45;8.213595754;11.37569893
0.466666667;8.564078166;11.87188565
0.483333333;8.860539979;12.6470128
0.5;9.227147943;13.29233598
0.516666667;9.547798084;14.11717528
0.533333333;9.95391365;14.80392525
0.55;10.28343284;15.5790524
0.566666667;10.69841746;16.22713737
0.583333333;11.02793666;17.04645309
0.6;11.44372755;17.73320307
0.616666667;11.80549785;18.58289845
0.633333333;12.26160263;19.29174272
0.65;12.57660883;20.01163413
0.666666667;12.97143651;20.61000695
0.683333333;13.1929145;21.60331521
0.7;13.47083193;22.4309163
0.716666667;13.73262381;23.45460421
0.733333333;14.06536812;24.30982316
0.75;14.34328554;25.28103714
0.766666667;14.68409262;26.08930572
0.783333333;15.00232393;27.05223433
0.8;15.39876417;27.85221756
0.816666667;15.73312103;28.8510494
0.833333333;16.15536215;29.68417405
0.85;16.47439973;30.79623913
0.866666667;16.88132157;31.72326453
0.883333333;17.24067304;32.79942639
0.9;17.69597154;33.69607213
0.916666667;18.04081001;34.65347717
0.933333333;18.46466368;35.45069861
0.95;18.71436139;36.4799101
0.966666667;19.02856131;37.33512905
0.983333333;19.2863218;38.39748197
1;19.6085845;39.28584236
1.016666667;19.90746514;40.32610099
1.033333333;20.2781045;41.19512887
1.05;20.58504792;42.27405252
1.066666667;20.96455632;43.17622183
1.083333333;21.26424325;44.18057725
1.1;21.63649515;45.01922548
1.116666667;21.95311391;45.95453623
1.133333333;22.35036042;46.73518694
1.15;22.70003655;47.63735626
1.166666667;23.13840322;48.39038911
1.183333333;23.44776548;49.35055594
1.2;23.83856177;50.15053916
1.216666667;24.15759936;51.17975065
1.233333333;24.5572647;52.04049317
1.25;24.78680547;53.00894536
1.266666667;25.07359196;53.81721394
1.283333333;25.29587623;54.78290435
1.3;25.57540622;55.58564935
1.316666667;25.83881065;56.41601222
1.333333333;26.16671729;57.10552399
1.35;26.44705355;57.79779754
1.366666667;26.80076107;58.37683785
1.383333333;27.12141121;59.14367964
1.4;27.52510794;59.78624103
1.416666667;27.82237604;60.71879
1.433333333;28.19382166;61.49667893
1.45;28.49189603;62.36846859
1.466666667;28.86414794;63.09664537
1.483333333;29.17109136;64.06785934
1.5;29.55140605;64.87612792
1.516666667;29.80997281;65.78105903
1.533333333;30.13384806;66.53409188
1.55;30.36742022;67.37274011
1.566666667;30.65985065;68.07329902
1.583333333;30.93454297;68.93127975
1.6;31.28502538;69.64840938
1.616666667;31.56052398;70.41248938
1.633333333;31.90294361;71.05228899
1.65;32.16312293;71.80808363
1.666666667;32.48941702;72.43959788
1.683333333;32.76652817;73.03244712
1.7;33.10975408;73.52587205
1.716666667;33.37073968;74.096627
1.733333333;33.68977727;74.57071943
1.75;33.98462653;75.14699796
1.766666667;34.3544596;75.62661396
1.783333333;34.64124608;76.26088999
1.8;34.99495361;76.78745636
1.816666667;35.24061993;77.29192844
1.833333333;35.5532073;77.71078514
1.85;35.7238898;78.27049294
1.866666667;35.94456152;78.7390618
1.883333333;36.15717047;79.31534032
1.9;36.4205749;79.79771811
1.916666667;36.67591656;80.56732168
1.933333333;36.9893102;81.20988308
1.95;37.26158369;81.89663305
1.966666667;37.60158449;82.46738801
1.983333333;37.8657952;82.98014544
2;38.18967045;83.4072875
2.016666667;38.45388116;84.03051639
2.033333333;38.78662546;84.5487974
2.05;39.02664785;85.04774591
2.066666667;39.33439755;85.46384082
2.083333333;39.60828359;85.92964789
2.1;39.95070322;86.31812494
2.116666667;40.13186734;86.82259702
2.133333333;40.36382695;87.2442155
2.15;40.57079195;87.79563795
2.166666667;40.82935871;88.25315966
2.183333333;41.05325554;88.64992207
2.2;41.32875414;88.9804016
2.216666667;41.55345725;89.39097294
2.233333333;41.83863118;89.73249962
2.25;42.08026611;90.00498165
2.266666667;42.39043464;90.23327509
2.283333333;42.64174491;90.70736751
2.3;42.95271972;91.10412992
2.316666667;43.20402999;91.43460946
2.333333333;43.52468013;91.71261505
2.35;43.7759904;92.20880177
2.366666667;44.09664054;92.6221349
2.383333333;44.34069431;93.08518018
2.4;44.64441262;93.47089544
2.416666667;44.8199328;93.93117894
2.433333333;45.02931663;94.31413241
2.45;45.21370586;94.73851269
2.466666667;45.4408278;95.0938483
2.483333333;45.65988697;95.28071494
2.5;45.93941695;95.43720194
2.516666667;46.15847611;95.90300901
2.533333333;46.42913704;96.29148606
2.55;46.64013343;96.57225344
2.566666667;46.91160064;96.80607045
2.583333333;47.14033514;97.14207356
2.6;47.4206714;97.42560272
2.616666667;47.64053684;97.65665795
2.633333333;47.91281033;97.85180995
2.65;48.13348205;98.04696196
2.666666667;48.40656181;98.2144961
2.683333333;48.62723353;98.50078705
2.7;48.90031329;98.74012763
2.716666667;49.03390703;98.99603894
2.733333333;49.20297699;99.21052345
2.75;49.38091599;99.5769062
2.766666667;49.60239399;99.88252966
2.783333333;49.780333;100.2489124
2.8;50.001811;100.5572977
2.816666667;50.18861906;100.9512983
2.833333333;50.41977239;101.279016
2.85;50.65011944;101.6978727
2.866666667;50.94254986;102.044923
2.883333333;51.18257224;102.2096953
2.9;51.47500267;102.3496116
2.916666667;51.68922417;102.5779051
2.933333333;51.96472276;102.7675335
2.95;52.18781332;102.9599237
2.966666667;52.46411819;103.1219343
2.983333333;52.64366975;103.1403319
3;52.86756658;103.1587296
3.016666667;53.02938004;103.4201645
3.033333333;53.22666971;103.6374108
3.05;53.38928944;103.8436099
3.066666667;53.59544817;104.0166677
3.083333333;53.78467506;104.3554325
3.1;54.01744094;104.6361999
3.116666667;54.21553689;104.9197291
3.133333333;54.45797811;105.1563079
3.15;54.66494311;105.4232663
3.166666667;54.92512243;105.6460362
3.183333333;55.13289371;105.675481
3.2;55.39307303;105.7021641
3.216666667;55.60084431;106.0160729
3.233333333;55.86182991;106.2775078
3.25;56.07927652;106.4643744
3.266666667;56.34913117;106.6208614
3.283333333;56.57544683;106.8325841
3.3;56.85497681;107.0084036
3.316666667;56.96599478;107.2726003
3.333333333;57.10281363;107.4953701
3.35;57.24043876;107.6822368
3.366666667;57.4135401;107.835962
3.383333333;57.57777239;107.9482604
3.4;57.77828717;108.0439881
3.416666667;57.92478135;108.2943758
3.433333333;58.11642708;108.5060985
3.45;58.2903347;108.4968784
3.466666667;58.49971853;108.4876582
3.483333333;58.68249521;108.5916712
3.5;58.90961715;108.6763518
3.516666667;59.10206915;108.9212159
3.533333333;59.34773548;109.1274151
3.55;59.52244937;109.1402892
3.566666667;59.73263948;109.1504015
3.583333333;59.87993994;109.456025
3.6;60.06352289;109.7091745
3.616666667;60.18421619;109.8131875
3.633333333;60.33232293;109.9033916
3.65;60.47075433;110.1869208
3.666666667;60.64546823;110.4234996
3.683333333;60.80244402;110.588272
3.7;60.9957023;110.7281882
3.716666667;61.15267809;111.0061938
3.733333333;61.34593637;111.2400108
3.75;61.54886999;111.3964978
3.766666667;61.80501792;111.5281288
3.783333333;61.97166904;111.8530847
3.8;62.18347171;112.122805
3.816666667;62.36866722;112.2737684
3.833333333;62.59901427;112.3998757
3.85;62.75679633;112.5315066
3.866666667;62.95086089;112.6382815
3.883333333;63.0820358;112.7699124
3.9;63.24868692;112.879449
3.916666667;63.36131744;112.9779385
3.933333333;63.51103674;113.0598573
3.95;63.65994975;113.2826271
3.966666667;63.83708248;113.4694938
3.983333333;63.96825739;113.5956011
4;64.13571479;113.6996142
4.016666667;64.28543408;113.9306694
4.033333333;64.48030492;114.1230596
4.05;64.60261077;114.3568766
4.066666667;64.76119911;114.5520286
4.083333333;64.91091841;114.4958581
4.1;65.10659552;114.4507346
4.116666667;65.2748592;114.6817899
4.133333333;65.48021164;114.8769419
4.15;65.63879999;114.9478135
4.166666667;65.83528338;115.007638
4.183333333;65.92130674;115.241455
4.2;66.02587449;115.4338452
4.216666667;66.13044224;115.5599525
4.233333333;66.25355437;115.6639656
4.25;66.36779744;115.7790258
4.266666667;66.49977863;115.8775153
4.283333333;66.63175981;115.9870519
4.3;66.79196071;116.077256
4.316666667;66.93361723;116.324882
4.333333333;67.11155624;116.5283193
4.35;67.22579932;116.6295706
4.366666667;67.37713116;116.7142511
4.383333333;67.51878768;116.8652146
4.4;67.69753296;116.9913219
4.416666667;67.81177604;117.2085682
4.433333333;67.95423884;117.3899113
4.45;68.07735097;117.640299
4.466666667;68.22868281;117.8492599
4.483333333;68.32518778;117.9339405
4.5;68.44910619;118.0048121
4.516666667;68.60043804;118.0480658
4.533333333;68.78885866;118.085796
4.55;68.89423268;118.1345733
4.566666667;69.02782642;118.1778271
4.583333333;69.16142016;118.3343141
4.6;69.33129639;118.465945
4.616666667;69.45602108;118.5865288
4.633333333;69.61702826;118.68778
4.65;69.72240228;118.7614134
4.666666667;69.85599602;118.8239997
4.683333333;70.02667853;118.9611542
4.7;70.23444981;119.0762144
4.716666667;70.36884983;119.147086
4.733333333;70.53953234;119.2069105
4.75;70.64571264;119.2639732
4.766666667;70.78011266;119.3099887
4.783333333;70.84920419;119.3863839
4.8;70.93684011;119.4489701
4.816666667;71.04302041;119.5861246
4.833333333;71.17661415;119.7011848
4.85;71.31101417;120.0040465
4.866666667;71.4736339;120.257196
4.883333333;71.59835859;120.5213927
4.9;71.76097832;120.7414008
4.916666667;71.86715862;120.8150342
4.933333333;72.00155864;120.8776204
4.95;72.10854522;121.0147749
4.966666667;72.24294524;121.1325969
4.983333333;72.35880087;121.2089921
5;72.49400716;121.2715783
5.016666667;72.63808251;121.3894003
5.033333333;72.81924663;121.4878898
5.05;72.91655788;121.6719947
5.066666667;73.04208884;121.8257199
5.083333333;73.14907542;121.9573508
5.1;73.27541266;122.0668874
5.116666667;73.3912683;122.1432826
5.133333333;73.52647459;122.2058689
5.15;73.58669707;122.2712169
5.166666667;73.66627021;122.3255178
5.183333333;73.71681736;122.3135358
5.2;73.77784612;122.3043156
5.216666667;73.91305241;122.2674776
5.233333333;74.07647842;122.2361631
5.25;74.183465;122.3429379
5.266666667;74.30980225;122.4303803
5.283333333;74.37970006;122.564773
5.3;74.46814225;122.6770714
5.316666667;74.60415482;122.8280348
5.333333333;74.77725617;122.9569039
5.35;74.90359341;123.0802495
5.366666667;75.05815036;123.1815008
5.383333333;75.14659256;123.3821763
5.4;75.25438542;123.5469487
5.416666667;75.30573884;123.6012496
5.433333333;75.3667676;123.6445033
5.45;75.46488513;123.6877571
5.466666667;75.58154704;123.7254873
5.483333333;75.69901522;123.8046442
5.5;75.84470313;123.8699923
5.516666667;75.90573188;124.0402882
5.533333333;75.98530503;124.1802045
5.55;76.0745535;124.1930786
5.566666667;76.18234636;124.2031909
5.583333333;76.29013921;124.3900575
5.6;76.41728273;124.5437828
5.616666667;76.57264597;124.6091308
5.633333333;76.76590425;124.6606699
5.65;76.62858872;124.8613455
5.666666667;76.46305347;125.0288796
5.683333333;76.91109547;125.193652
5.7;77.46314728;125.3308065
5.716666667;77.81846736;125.5121495
5.733333333;78.25844658;125.6658747
5.75;78.32915067;125.7643642
5.766666667;78.40953009;125.846283
5.783333333;78.38509342;125.9364871
5.8;78.3517877;126.0101205
5.816666667;78.32815731;126.1362278
5.833333333;78.29404531;126.2430027
5.85;78.33652969;126.2475914
5.866666667;78.39755844;126.2521802
5.883333333;78.46906881;126.4059054
5.9;78.55831728;126.5320127
5.916666667;78.67659175;126.710594
5.933333333;78.82389221;126.8587956
5.95;78.97038639;126.9710941
5.966666667;79.15558189;127.06406
5.983333333;79.25531197;127.2371177
6;79.37358644;127.3797957
6.016666667;79.53056223;127.4368584
6.033333333;79.71575774;127.4856357
6.05;79.7872681;127.3245173
6.066666667;79.87732285;127.1910167
6.083333333;79.98672826;127.2480794
6.1;80.12435339;127.2968567
6.116666667;80.19586376;127.204783
6.133333333;80.27624318;127.1265181
6.15;80.39532392;126.93502
6.166666667;80.54262438;126.7739016
6.183333333;80.64316074;126.9552446
6.2;80.77191681;127.1089699
6.216666667;80.85229623;127.0472757
6.233333333;80.95283259;126.9993905
6.25;81.04288734;126.9846468
6.266666667;81.15229275;126.9754266
6.283333333;81.21493406;127.0214421
6.3;81.29531348;127.0591723
6.316666667;81.35714852;127.2543243
6.333333333;81.42865888;127.4163349
6.35;81.50016925;127.7081494
6.366666667;81.59103028;127.9530135
6.383333333;81.70124197;127.9769348
6.4;81.83967337;127.9980943
6.416666667;81.91118374;128.209817
6.433333333;82.00204476;128.3883983
6.45;82.10258112;128.4565081
6.466666667;82.22246814;128.5135708
6.483333333;82.33187356;128.589966
6.5;82.46143591;128.6580758
6.516666667;82.61034892;128.7648506
6.533333333;82.78748165;128.8578165
6.55;82.95574533;128.9231646
6.566666667;83.17157938;128.9802273
6.583333333;83.24389603;129.0096721
6.6;83.33475705;129.0308315
6.616666667;83.41674903;129.1541771
6.633333333;83.51728539;129.2581902
6.65;83.58960203;129.3566796
6.666666667;83.67078773;129.4358366
6.683333333;83.76245503;129.4790904
6.7;83.87266672;129.5168205
6.716666667;83.9546587;129.6042629
6.733333333;84.05600133;129.6778963
6.75;84.15653769;129.8399068
6.766666667;84.28690632;129.9770613
6.783333333;84.3688983;129.9485086
6.8;84.46943465;129.9227177
6.816666667;84.5417513;129.9107358
6.833333333;84.6334186;129.8987538
6.85;84.72508591;129.9917197
6.866666667;84.83610388;130.0708767
6.883333333;84.86971919;130.2494579
6.9;84.91300984;130.4004214
6.916666667;84.99500182;130.5403376
6.933333333;85.09634446;130.6553978
6.95;85.19768709;130.5937037
6.966666667;85.32805572;130.5402949
6.983333333;85.4100477;130.7354469
7;85.501715;130.8974575
7.016666667;85.56516259;130.9766145
7.033333333;85.63747923;131.0392007
7.05;85.70979588;131.1956877
7.066666667;85.79178785;131.3273186
7.083333333;85.89393676;131.4479024
7.1;86.01463006;131.5463919
7.116666667;86.14580497;131.5454571
7.133333333;86.31487492;131.547284
7.15;86.37832251;131.6319646
7.166666667;86.46031449;131.705598
7.183333333;86.49473608;131.6715217
7.2;86.53802673;131.6457308
7.216666667;86.57164205;131.7469821
7.233333333;86.6149327;131.8316626
7.25;86.66870496;132.0930975
7.266666667;86.74102161;132.3103438
7.283333333;86.83349519;132.541399
7.3;86.95499476;132.736551
7.316666667;87.05714368;132.8488494
7.333333333;87.17864325;132.9445771
7.35;87.2509599;133.051352
7.366666667;87.34343348;133.1415561
7.383333333;87.42623173;133.3146138
7.4;87.52838065;133.4600536
7.416666667;87.59182824;133.4867367
7.433333333;87.66414488;133.5078961
7.45;87.70824181;133.6505742
7.466666667;87.76120779;133.7683962
7.483333333;87.82465538;133.7950792
7.5;87.8977783;133.8162387
7.516666667;87.97090122;133.8733014
7.533333333;88.0633748;133.9193169
7.55;88.09699012;133.8603846
7.566666667;88.13141172;133.8124994
7.583333333;88.17470237;133.883371
7.6;88.23814996;133.9404337
7.616666667;88.29192221;134.1245385
7.633333333;88.3553698;134.2755019
7.65;88.43816806;134.3905621
7.666666667;88.53064164;134.4862898
7.683333333;88.64327216;134.4964021
7.7;88.78492868;134.5065145
7.716666667;88.86772693;134.4972943
7.733333333;88.97068212;134.4908359
7.75;89.05348037;134.5920871
7.766666667;89.1661109;134.6795295
7.783333333;89.22955848;134.6620239
7.8;89.30268141;134.6500419
7.816666667;89.35645366;134.8092907
7.833333333;89.43038286;134.9409216
7.85;89.51318111;135.0117932
7.866666667;89.62581164;135.0688559
7.883333333;89.72876683;135.1756308
7.9;89.86155429;135.2630731
7.916666667;89.92500188;135.2538529
7.933333333;89.9981248;135.2446327
7.95;90.06237867;135.1884622
7.966666667;90.13550159;135.140577
7.983333333;90.18927385;135.1065007
8;90.26320305;135.077948
8.016666667;90.34680758;135.1598668
8.033333333;90.44976277;135.2307384
8.05;90.58255023;135.3844636
8.066666667;90.74436368;135.5133327
8.083333333;90.78846061;135.523445
8.1;90.84223287;135.5307956
8.116666667;90.87665447;135.5961436
8.133333333;90.91107606;135.6504445
8.15;90.98500526;135.7019836
8.166666667;91.07828512;135.7452374
8.183333333;91.12238205;135.8105854
8.2;91.17696059;135.8648863
8.216666667;91.28959111;135.9744229
8.233333333;91.43286018;136.0646271
8.25;91.54629698;136.1299751
8.266666667;91.68956605;136.1870378
8.283333333;91.75301364;136.0839169
8.3;91.82694284;136.0001284
8.316666667;91.89119671;136.1207122
8.333333333;91.97480124;136.2219635
8.35;92.04873043;136.306644
8.366666667;92.13314124;136.3775156
8.383333333;92.19739511;136.3296304
8.4;92.27132431;136.2872688
8.416666667;92.32509656;136.4879444
8.433333333;92.38935043;136.6554785
8.45;92.4931119;136.6434966
8.466666667;92.62670564;136.6315146
8.483333333;92.70144112;136.8653316
8.5;92.78504565;137.0604836
8.516666667;92.82994885;137.2473502
8.533333333;92.88372111;137.4010754
8.55;92.93829965;137.4222349
8.566666667;93.01222884;137.4406326
8.583333333;93.09663965;137.5750253
8.6;93.19072579;137.6845619
8.616666667;93.3146442;137.7278157
8.633333333;93.46839488;137.7627841
8.65;93.53264875;137.8253703
8.666666667;93.60738422;137.8796712
8.683333333;93.69179503;137.9367339
8.7;93.7955565;137.9827494
8.716666667;93.81062743;138.1143803
8.733333333;93.8353737;138.2266788
8.75;93.88995223;138.2726943
8.766666667;93.9542061;138.3104245
8.783333333;94.00878464;138.4365318
8.8;94.08352011;138.5405449
8.816666667;94.16793092;138.5340865
8.833333333;94.27249867;138.5303898
8.85;94.33675253;138.5239314
8.866666667;94.41148801;138.5202348
8.883333333;94.46606655;138.6270097
8.9;94.53032041;138.714452
8.916666667;94.59538056;138.7466586
8.933333333;94.67011603;138.7761034
8.95;94.75452684;138.7199329
8.966666667;94.85909459;138.6748095
8.983333333;94.97333766;138.6131153
9;95.10854396;138.5597066
9.016666667;95.18327944;138.7217171
9.033333333;95.27736557;138.8588716
9.05;95.31259345;138.9987879
9.066666667;95.34782132;139.1138481
9.083333333;95.40239986;139.2592879
9.1;95.46746;139.3798717
9.116666667;95.51155693;139.4728376
9.133333333;95.56694174;139.5519946
9.15;95.62152028;139.4847769
9.166666667;95.69625576;139.4286063
9.183333333;95.79114817;139.4414804
9.2;95.90619753;139.4515927
9.216666667;95.9414254;139.5197026
9.233333333;95.98632861;139.579527
9.25;96.03123181;139.7332523
9.266666667;96.07613502;139.8593596
9.283333333;96.11136289;139.8888044
9.3;96.1562661;139.9127257
9.316666667;96.18101236;139.9338851
9.333333333;96.21624023;139.949521
9.35;96.26114344;139.9568715
9.366666667;96.30604664;139.9614603
9.383333333;96.40093906;140.0489026
9.4;96.51598842;140.122536
9.416666667;96.57137323;140.1657898
9.433333333;96.64610871;140.2035199
9.45;96.68133658;140.3102948
9.466666667;96.72623978;140.4004989
9.483333333;96.7816246;140.4299437
9.5;96.84668474;140.4566268
9.516666667;96.91174489;140.4860716
9.533333333;96.99696197;140.5099928
9.55;97.102336;140.6416237
9.566666667;97.22786696;140.7539222
9.583333333;97.29292711;140.6977516
9.6;97.36846886;140.65539
9.616666667;97.41337206;140.7897827
9.633333333;97.46875688;140.9048429
9.65;97.48382781;140.8818138
9.666666667;97.50857408;140.8643082
9.683333333;97.55347728;140.9048002
9.7;97.59918676;140.9370068
9.716666667;97.65457158;141.1017791
9.733333333;97.71963172;141.2389336
9.75;97.81533042;141.403706
9.766666667;97.93118605;141.5408605
9.783333333;97.99624619;141.5730671
9.8;98.07178795;141.6025119
9.816666667;98.10701582;141.6319567
9.833333333;98.15191903;141.6586397
9.85;98.19762851;141.7709382
9.866666667;98.25301332;141.8639041
9.883333333;98.29791653;142.0756268
9.9;98.35330134;142.2514463
9.916666667;98.46915697;142.4106951
9.933333333;98.61565116;142.542326
9.95;98.65087903;142.6049122
9.966666667;98.69578224;142.6564513
9.983333333;98.70117784;142.8157001
10;98.69609183;142.947331
10.01666667;98.68052422;142.9160166
10.03333333;98.66576288;142.8902257
10.05;98.68083382;142.9693826
10.06666667;98.69590475;143.0347307
10.08333333;98.73113262;143.1332201
10.1;98.7663605;143.2151389
10.11666667;98.86205919;143.1783009
10.13333333;98.9787211;143.1442246
10.15;99.00346737;143.179193
10.16666667;99.03869524;143.2086378
10.18333333;99.06424778;143.2933184
10.2;99.09947566;143.3614282
10.21666667;99.1250282;143.2859251
10.23333333;99.14977447;143.2214692
10.25;99.23579783;143.1266336
10.26666667;99.34197813;143.045607
10.28333333;99.38768761;143.0805754
10.3;99.45274776;143.1072584
10.31666667;99.50893885;143.2941251
10.33333333;99.57399899;143.4506121
10.35;99.59955154;143.5905283
10.36666667;99.62510408;143.7083503
10.38333333;99.66033195;143.6825594
10.4;99.69555983;143.6622921
10.41666667;99.71063076;143.5840272
10.43333333;99.7361833;143.5195713
10.45;99.77141118;143.5959665
10.46666667;99.81712066;143.6640763
10.48333333;99.90314402;143.8813226
10.5;100.0093243;144.0654275
10.51666667;100.0243953;144.1169666
10.53333333;100.0499478;144.1629821
10.55;100.0650187;144.2890895
10.56666667;100.0800897;144.3931025
10.58333333;100.0951606;144.5854927
10.6;100.1110378;144.7475033
10.61666667;100.1357841;144.997891
10.63333333;100.1613366;145.206852
10.65;100.2070461;145.3522918
10.66666667;100.2624309;145.4728756
10.68333333;100.3282973;145.4995586
10.7;100.415127;145.5234799
10.71666667;100.4197163;145.652349
10.73333333;100.4347872;145.7591238
10.75;100.4708214;145.8990401
10.76666667;100.5165309;146.0168621
10.78333333;100.5517588;146.1070662
10.8;100.5869866;146.1834614
10.81666667;100.6125392;146.2570948
10.83333333;100.6380917;146.3169193
10.85;100.7144397;146.2579869
10.86666667;100.8004631;146.2128635
10.88333333;100.8461726;146.0130801
10.9;100.9023637;145.8491999
10.91666667;100.9577485;145.8841682
10.93333333;101.0236149;145.9136131
10.95;101.0596491;146.0756236
10.96666667;101.0948769;146.2100163
10.98333333;101.1405864;146.2007961
11;101.2072591;146.1943377
11.01666667;101.2529686;146.2679711
11.03333333;101.3083534;146.3305574
11.05;101.3847014;146.492568
11.06666667;101.4820127;146.6269607
11.08333333;101.5277222;146.7337355
11.1;101.5839133;146.8211778
11.11666667;101.6296228;146.7732926
11.13333333;101.6954892;146.730931
11.15;101.7411987;146.7244726
11.16666667;101.8078714;146.7180142
11.18333333;101.8640625;146.7585062
11.2;101.9299289;146.7934746
11.21666667;101.9966016;146.8615844
11.23333333;102.0729496;146.9214089
11.25;102.1694546;146.9425683
11.26666667;102.2869228;146.9637278
11.28333333;102.3229569;147.0125051
11.3;102.3686664;147.0529971
11.31666667;102.4248575;147.1100598
11.33333333;102.4915302;147.1615989
11.35;102.5573966;147.1965673
11.36666667;102.6345509;147.2260121
11.38333333;102.6697788;147.2582187
11.4;102.7058129;147.2876635
11.41666667;102.7515224;147.3695823
11.43333333;102.8077135;147.4376921
11.45;102.8848678;147.5223727
11.46666667;102.9821791;147.5932443
11.48333333;103.0383702;147.6972573
11.5;103.1050429;147.7846997
11.51666667;103.161234;147.949472
11.53333333;103.2279067;148.0866265
11.55;103.2736161;148.0912152
11.56666667;103.3402888;148.095804
11.58333333;103.4174432;148.1169635
11.6;103.5147544;148.1325993
11.61666667;103.5193437;148.0626198
11.63333333;103.5247393;148.0064493
11.65;103.5712551;148.1353184
11.66666667;103.6274462;148.244855
11.68333333;103.6731557;148.1444959
11.7;103.730153;148.0634693
11.71666667;103.7557056;147.9852044
11.73333333;103.7812581;147.9179867
11.75;103.8277739;147.8977194
11.76666667;103.8734834;147.8829756
11.78333333;103.9095175;148.047748
11.8;103.9560333;148.1876643
11.81666667;103.9912611;148.2447269
11.83333333;104.0377769;148.2935043
11.85;104.093968;148.3947555
11.86666667;104.1711223;148.4794361
11.88333333;104.2176381;148.6276377
11.9;104.2738292;148.7509833
11.91666667;104.3203449;148.6810038
11.93333333;104.3668607;148.6220714
11.95;104.4028948;148.7122756
11.96666667;104.438929;148.785909
11.98333333;104.4644815;148.9313488
12;104.4900341;149.0519326
12.01666667;104.5470314;149.0371888
12.03333333;104.6241857;149.0279686
12.05;104.6698952;149.1899792
12.06666667;104.7268926;149.3271337
12.08333333;104.7734084;149.3206753
12.1;104.8295994;149.3169787
12.11666667;104.855152;149.3712796
12.13333333;104.8919924;149.4145333
12.15;104.8965817;149.3970278
12.16666667;104.912459;149.382284
12.18333333;104.9589747;149.3067809
12.2;105.0151658;149.2450868
12.21666667;105.1237649;149.2220577
12.23333333;105.252521;149.2045521
12.25;105.267592;149.3720863
12.26666667;105.2939508;149.5120025
12.28333333;105.3299849;149.5607799
12.3;105.3660191;149.5985101
12.31666667;105.3915716;149.6086224
12.33333333;105.4276058;149.6159729
12.35;105.4539646;149.7337949
12.36666667;105.4899987;149.8350461
12.38333333;105.5461898;149.9059178
12.4;105.6136688;149.9629804
12.41666667;105.6908231;149.9399513
12.43333333;105.778459;149.9224458
12.45;105.8152995;150.0016028
12.46666667;105.8618152;150.0669508
12.48333333;105.8873678;150.1212517
12.5;105.9234019;150.1645054
12.51666667;106.0215194;150.249186
12.53333333;106.1406002;150.3200576
12.55;106.1250326;150.3798821
12.56666667;106.109465;150.4286594
12.58333333;106.1253422;150.5078164
12.6;106.1412194;150.5759262
12.61666667;106.1667719;150.6882246
12.63333333;106.1923245;150.7811905
12.65;106.2702851;150.7581614
12.66666667;106.357921;150.7406559
12.68333333;106.3947614;150.7728625
12.7;106.4412772;150.7995455
12.71666667;106.4773113;150.9339382
12.73333333;106.5133455;151.0434748
12.75;106.5606675;151.1999618
12.76666667;106.6071833;151.3288309
12.78333333;106.6641806;151.4687472
12.8;106.7308533;151.5838074
12.81666667;106.7983323;151.616014
12.83333333;106.8867745;151.6399353
12.85;106.912327;151.4539608
12.86666667;106.9491675;151.2983659
12.88333333;106.97472;151.3747611
12.9;107.0010788;151.4401091
12.91666667;107.0169561;151.4308889
12.93333333;107.0425086;151.4244305
12.95;107.099506;151.315786
12.96666667;107.1669849;151.226474
12.98333333;107.2038254;151.1785888
13;107.2503411;151.1417508
13.01666667;107.2968569;151.088342
13.03333333;107.3538543;151.0459804
13.05;107.3906947;151.1914202
13.06666667;107.4372104;151.312004
13.08333333;107.5046894;151.2088831
13.1;107.58265;151.1195711
13.11666667;107.6396474;151.2291077
13.13333333;107.7071264;151.3193118
13.15;107.7955686;151.3708509
13.16666667;107.8944924;151.4113429
13.18333333;107.9724529;151.5181177
13.2;108.0608951;151.6055601
13.21666667;108.1178925;151.7261439
13.23333333;108.1861778;151.8273951
13.25;108.27462;151.8678871
13.26666667;108.3735438;151.9028555
13.28333333;108.4305411;151.9157296
13.3;108.4988264;151.9258419
13.31666667;108.576787;151.9580485
13.33333333;108.6757108;151.9847315
13.35;108.7327081;151.8401838
13.36666667;108.8009934;151.7204922
13.38333333;108.8370276;151.7416516
13.4;108.8843496;151.7572875
13.41666667;108.92119;151.7287348
13.43333333;108.9572242;151.7057057
13.45;109.0045462;151.6274409
13.46666667;109.0623499;151.5602232
13.48333333;109.0572638;151.628333
13.5;109.0416962;151.6853957
13.51666667;109.088212;151.7479819
13.53333333;109.135534;151.7967592
13.55;109.2239762;151.7571594
13.56666667;109.3341879;151.7258449
13.58333333;109.3605467;151.7856694
13.6;109.3965809;151.8372085
13.61666667;109.4334213;151.844559
13.63333333;109.4807434;151.8491478
13.65;109.5175838;151.9365901
13.66666667;109.5640995;152.0102235
13.68333333;109.6219032;151.9871944
13.7;109.7006701;151.9669271
13.71666667;109.7995939;151.9079947
13.73333333;109.9307688;151.8601095
13.75;109.9571276;151.8729836
13.76666667;109.9931617;151.8830959
13.78333333;110.0300022;152.025774
13.8;110.0773242;152.143596
13.81666667;110.0932014;152.1012344
13.83333333;110.1195602;152.0643963
13.85;110.1459191;152.0717468
13.86666667;110.1827595;152.0763356
13.88333333;110.2195999;152.097495
13.9;110.266922;152.1158927
13.91666667;110.314244;152.1039107
13.93333333;110.3712414;152.0919288
13.95;110.4604898;152.1904182
13.96666667;110.5602199;152.2750988
13.98333333;110.6285052;152.2879729
14;110.707272;152.300847
14.01666667;110.8070021;152.3220064
14.03333333;110.9276954;152.3404041
14.05;110.9435726;152.3753725
14.06666667;110.9594498;152.4020555
14.08333333;111.0382167;152.6137783
14.1;111.1274652;152.7923596
14.11666667;111.1747872;152.8798019
14.13333333;111.2430725;152.9561971
14.15;111.2903945;153.0850662
14.16666667;111.3490044;153.191841
14.18333333;111.3858449;153.3041395
14.2;111.4226853;153.3971054
14.21666667;111.4700073;153.4431209
14.23333333;111.527811;153.4808511
14.25;111.5960962;153.4384895
14.26666667;111.6756694;153.4044132
14.28333333;111.8278075;153.5001409
14.3;112.0121967;153.5820596
14.31666667;112.0385555;153.5590305
14.33333333;112.075396;153.541525
14.35;112.1444875;153.6372527
14.36666667;112.2232544;153.7191714
14.38333333;112.281058;153.8093756
14.4;112.3606312;153.883009
14.41666667;112.3974716;153.7826498
14.43333333;112.434312;153.6988614
14.45;112.5034035;153.7393534
14.46666667;112.5821704;153.7743217
14.48333333;112.6302987;153.7347219
14.5;112.6881024;153.7034074
14.51666667;112.7571939;153.7687555
14.53333333;112.8464424;153.8230564
14.55;112.9260155;153.7917419
14.56666667;113.0265519;153.7631892
14.58333333;113.1480515;153.6876861
14.6;113.2905142;153.625992
14.61666667;113.2959098;153.5007768
14.63333333;113.3021117;153.3976559
14.65;113.3389522;153.5127161
14.66666667;113.3862742;153.6084438
14.68333333;113.4344025;153.7538836
14.7;113.4930124;153.8772292
14.71666667;113.5088896;153.7741082
14.73333333;113.5352485;153.6903198
14.75;113.5728952;153.7446207
14.76666667;113.6202172;153.7906362
14.78333333;113.6473823;153.67923
14.8;113.6737411;153.5871562
14.81666667;113.7637959;153.693931
14.83333333;113.8643322;153.7868969
14.85;113.9439054;153.9406221
14.86666667;114.0444417;154.072253
14.88333333;114.1240149;154.2066458
14.9;114.2148759;154.3189442
14.91666667;114.2517163;154.4837165
14.93333333;114.2998447;154.6236328
14.95;114.347973;154.7331694
14.96666667;114.4170645;154.8233735
14.98333333;114.4434233;154.7727266
15;114.48107;154.7331267
15.01666667;114.4969472;154.6990504
15.03333333;114.5128245;154.6704978
15.05;114.5714344;154.810414
15.06666667;114.6510075;154.928236
15.08333333;114.6991358;155.1399587
15.1;114.7577458;155.3157782
15.11666667;114.8268373;155.2955109
15.13333333;114.9176983;155.2780053
15.15;115.1246633;155.387542
15.16666667;115.374361;155.4777461
15.18333333;115.3587934;155.5292852
15.2;115.3432258;155.5753007
15.21666667;115.3486214;155.6296016
15.23333333;115.354017;155.6756172
15.25;115.4126269;155.7547742
15.26666667;115.4825247;155.8201222
15.28333333;115.5201715;155.9048027
15.3;115.5570119;155.9756744
15.31666667;115.6051402;156.1183524
15.33333333;115.6637501;156.2389362
15.35;115.669952;156.3291403
15.36666667;115.6753476;156.4082973
15.38333333;115.7339575;156.5095486
15.4;115.8030491;156.5969909
15.41666667;115.8406958;156.5601528
15.43333333;115.8888241;156.5316001
15.45;116.0965954;156.4726678
15.46666667;116.3583872;156.4247826
15.48333333;116.3210501;156.4459421
15.5;116.2732314;156.4615779
15.51666667;116.2794333;156.3612188
15.53333333;116.2848289;156.2801922
15.55;116.2902245;156.3648727
15.56666667;116.2956201;156.4385061
15.58333333;116.3332668;156.2718641
15.6;116.3813951;156.1356017
15.61666667;116.4512929;156.2506619
15.63333333;116.5316724;156.3463896
15.65;116.5798007;156.4034523
15.66666667;116.6384106;156.4522296
15.68333333;116.6978268;156.5976695
15.7;116.7669183;156.7210151
15.71666667;116.7836018;156.7311274
15.73333333;116.8107669;156.7384779
15.75;116.8911463;156.7983024
15.76666667;116.992489;156.8498415
15.78333333;117.0406173;156.9400456
15.8;117.1000335;157.0164408
15.81666667;117.1586434;157.0237913
15.83333333;117.2285412;157.0283801
15.85;117.2661879;157.1047752
15.86666667;117.3151225;157.1701233
15.88333333;117.3737324;157.1968063
15.9;117.4436303;157.2207276
15.91666667;117.4707954;157.2336017
15.93333333;117.4979605;157.2464758
15.95;117.5678583;157.3145856
15.96666667;117.6482377;157.3716483
15.98333333;117.7181355;157.544706
16;117.7985149;157.6929076
16.01666667;117.965166;157.7472085
16.03333333;118.1745499;157.7932241
16.05;118.2009087;157.8060982
16.06666667;118.2280738;157.8134487
16.08333333;118.2552389;157.8649878
16.1;118.282404;157.9054798
16.11666667;118.2877996;157.852071
16.13333333;118.2940015;157.8097094
16.15;118.3316482;157.7231592
16.16666667;118.3797765;157.6531797
16.18333333;118.5149828;157.7986195
16.2;118.670346;157.9192033
16.21666667;118.7192806;157.9652188
16.23333333;118.7786968;158.0001872
16.25;118.8268251;157.9882053
16.26666667;118.8975292;157.9762233
16.28333333;118.9351759;158.0305242
16.3;118.9728226;158.0737779
16.31666667;119.1507616;158.2302649
16.33333333;119.3714334;158.3618958
16.35;119.3340962;158.3802935
16.36666667;119.2862775;158.3986912
16.38333333;119.3134426;158.5524164
16.4;119.3406077;158.6812855
16.41666667;119.3572912;158.7963457
16.43333333;119.3844563;158.8920734
16.45;119.4325846;158.8800914
16.46666667;119.4928071;158.8708713
16.48333333;119.4877211;158.8533657
16.5;119.4826351;158.8386219
16.51666667;119.5420513;158.7631189
16.53333333;119.6119491;158.698663
16.55;119.6713653;158.7667728
16.56666667;119.7420694;158.8210737
16.58333333;119.8337367;158.8201389
16.6;119.9471735;158.8164422
16.61666667;120.1364004;158.8431253
16.63333333;120.3691663;158.8670465
16.65;120.3310229;158.835732
16.66666667;120.2719163;158.8099411
16.68333333;120.2668303;158.825577
16.7;120.2617443;158.8412129
16.71666667;120.3001973;158.7574245
16.73333333;120.3491319;158.6902068
16.75;120.3980664;158.7859345
16.76666667;120.4687705;158.8678532
16.78333333;120.4959356;158.9967224
16.8;120.5335823;159.106259
16.81666667;120.5615537;159.1577981
16.83333333;120.5992004;159.2038136
16.85;120.6376534;159.2332585
16.86666667;120.686588;159.2599415
16.88333333;120.725041;159.242436
16.9;120.7739756;159.2276922
16.91666667;120.7898528;159.1577127
16.93333333;120.8065363;159.0987804
16.95;120.8772404;159.1116545
16.96666667;120.9584261;159.1217668
16.98333333;121.0291301;159.1539734
17;121.1216037;159.1834182
17.01666667;121.1923078;159.2598134
17.03333333;121.2734935;159.3251614
17.05;121.2474443;159.2855616
17.06666667;121.2205888;159.2514853
17.08333333;121.2582355;159.3030244
17.1;121.3079764;159.3435164
17.11666667;121.3351415;159.3895319
17.13333333;121.3735945;159.4272621
17.15;121.4112412;159.5395605
17.16666667;121.460982;159.6325264
17.18333333;121.5744188;159.8055842
17.2;121.7217193;159.951024
17.21666667;121.6618064;160.0053249
17.23333333;121.5922182;160.0513404
17.25;121.5976138;160.2492542
17.26666667;121.6038157;160.4112648
17.28333333;121.5987297;160.5346103
17.3;121.5936437;160.6358616
17.31666667;121.6530599;160.4084603
17.33333333;121.723764;160.2169622
17.35;121.7735048;160.3651638
17.36666667;121.8224394;160.4857476
17.38333333;121.8496045;160.4406242
17.4;121.8880575;160.4037862
17.41666667;121.904741;160.4387545
17.43333333;121.9214245;160.4681994
17.45;121.9703591;160.6412571
17.46666667;122.0200999;160.7866969
17.48333333;122.134343;160.7830003
17.5;122.2808372;160.7793037
17.51666667;122.2975207;160.9937882
17.53333333;122.3142042;161.1723695
17.55;122.3526572;161.270859
17.56666667;122.3911102;161.3527777
17.58333333;122.3755425;161.2386097
17.6;122.3591686;161.1465359
17.61666667;122.3653705;160.9577996
17.63333333;122.3707661;160.7994429
17.65;122.3551985;160.8592674
17.66666667;122.3388246;160.9080447
17.68333333;122.3877592;160.995487
17.7;122.4592696;161.0663587
17.71666667;122.4646652;161.1952278
17.73333333;122.4813487;161.2992408
17.75;122.4980322;161.4363953
17.76666667;122.5147157;161.5514555
17.78333333;122.629765;161.6002329
17.8;122.7762592;161.6434866
17.81666667;122.7058647;161.5845543
17.83333333;122.6249886;161.5339073
17.85;122.65296;161.5605903
17.86666667;122.6906067;161.5817498
17.88333333;122.7185781;161.6526214
17.9;122.757031;161.7096841
17.91666667;122.795484;161.7529378
17.93333333;122.8444186;161.790668
17.95;122.87239;161.8946811
17.96666667;122.8995551;161.9821234
17.98333333;122.9275265;162.0419479
18;122.9659795;162.093487
18.01666667;122.9931446;162.1091229
18.03333333;123.0211159;162.1247587
18.05;123.0926263;162.1818214
18.06666667;123.1850999;162.2333605
18.08333333;123.3106308;162.215855
18.1;123.4692192;162.2011112
18.11666667;123.4536516;162.0869432
18.13333333;123.4267961;161.9921076
18.15;123.4434796;162.0215524
18.16666667;123.460163;162.0427119
18.18333333;123.4220197;162.0749185
18.2;123.3733947;162.0988397
18.21666667;123.401366;162.1034285
18.23333333;123.4285311;162.1052554
18.25;123.4669841;162.060132
18.26666667;123.516725;162.0205322
18.28333333;123.5664659;161.9671234
18.3;123.6266883;161.9192382
18.31666667;123.6651413;161.9983952
18.33333333;123.7035943;162.0637432
18.35;123.7097962;161.9468134
18.36666667;123.7151918;161.8519778
18.38333333;123.9068375;161.759904
18.4;124.1420222;161.684401
18.41666667;124.1151667;161.7718433
18.43333333;124.0883112;161.8454767
18.45;124.0832252;161.7948297
18.46666667;124.0781392;161.7524681
18.48333333;124.1165922;161.7846747
18.5;124.1550452;161.8141195
18.51666667;124.1499592;161.9291797
18.53333333;124.1448732;162.0249074
18.55;124.1615567;162.1068262
18.56666667;124.1895281;162.174936
18.58333333;124.2062115;162.2734255
18.6;124.2341829;162.3553442
18.61666667;124.3274628;162.398598
18.63333333;124.4538;162.4335664
18.65;124.492253;162.5569119
18.66666667;124.530706;162.660925
18.68333333;124.7449275;162.740082
18.7;125.002688;162.8081918
18.71666667;124.9427751;162.8155423
18.73333333;124.8723806;162.8201311
18.75;124.8229493;162.8440523
18.76666667;124.7630364;162.86245
18.78333333;124.7910078;162.8753241
18.8;124.8189792;162.8854364
18.81666667;124.8356627;163.0198291
18.83333333;124.8523462;163.1348893
18.85;124.8907992;163.2333788
18.86666667;124.9300584;163.3125358
18.88333333;124.9136845;163.4110252
18.9;124.886829;163.492944
18.91666667;124.8704551;163.6080042
18.93333333;124.8435996;163.7009701
18.95;124.8385136;163.7110824
18.96666667;124.822946;163.7156712
18.98333333;124.9823406;163.6815949
19;125.1852743;163.6530422
19.01666667;125.1366493;163.6410602
19.03333333;125.0654485;163.63184
19.05;125.0603625;163.6419523
19.06666667;125.0439886;163.6493029
19.08333333;125.0066515;163.5903705
19.1;124.9467386;163.5424853
19.11666667;124.9416526;163.6161187
19.13333333;124.9365666;163.678705
19.15;124.9750196;163.7716709
19.16666667;125.0247604;163.8480661
19.18333333;125.0527318;163.8305605
19.2;125.0807032;163.8185786
19.21666667;125.1522136;163.7541226
19.23333333;125.2350118;163.7034757
19.25;125.2516953;163.6279726
19.26666667;125.2796667;163.5662785
19.28333333;125.3398892;163.48249
19.3;125.4226874;163.4125106
19.31666667;125.3958319;163.3287221
19.33333333;125.3576885;163.2615044
19.35;125.4187173;163.2799021
19.36666667;125.4902276;163.295538
19.38333333;125.5399685;163.2614617
19.4;125.6009973;163.232909
19.41666667;125.662026;163.3065424
19.43333333;125.7335364;163.3691287
19.45;125.7945652;163.4648564
19.46666667;125.8660755;163.5440134
19.48333333;125.8609895;163.6839296
19.5;125.8559035;163.7989898
19.51666667;125.8951628;163.9057647
19.53333333;125.9449036;163.993207
19.55;126.1599314;164.0254136
19.56666667;126.4297861;164.0548584
19.58333333;126.3916427;164.2665812
19.6;126.3317298;164.4451624
19.61666667;126.3153559;164.6182202
19.63333333;126.2997883;164.7664218
19.65;126.2947023;164.8621495
19.66666667;126.2783284;164.9440682
19.68333333;126.2619545;165.0425577
19.7;126.235099;165.1244765
19.71666667;126.2413009;165.1152563
19.73333333;126.2362149;165.1115597
19.75;126.2641863;165.1575752
19.76666667;126.2921576;165.1953054
19.78333333;126.3088411;165.1142788
19.8;126.3255246;165.0498228
19.81666667;126.3317265;165.1041237
19.83333333;126.3379284;165.1501393
19.85;126.4650719;165.2348198
19.86666667;126.6252728;165.3029297
19.88333333;126.5871294;165.4124663
19.9;126.5376981;165.5054322
19.91666667;126.5439;165.5238299
19.93333333;126.538814;165.5394658
19.95;126.5554975;165.5302456
19.96666667;126.572181;165.5210254
19.98333333;126.6001524;165.5780881
20;126.6394116;165.6268654
20.01666667;126.6560951;165.6701191
20.03333333;126.6735849;165.7050875
20.05;126.6684989;165.7704356
20.06666667;126.652125;165.8247365
20.08333333;126.6913842;165.7326627
20.1;126.7298372;165.6571596
20.11666667;126.747327;165.6617484
20.13333333;126.7752984;165.6690989
20.15;126.891154;165.6074048
20.16666667;127.0295854;165.5567578
20.18333333;127.0357873;165.6055351
20.2;127.0419892;165.6460271
20.21666667;127.0369032;165.5898565
20.23333333;127.0318172;165.5447331
20.25;127.0372128;165.5852251
20.26666667;127.0434146;165.6201935
20.28333333;127.0383286;165.5225961
20.3;127.0219547;165.4415695
20.31666667;127.0942714;165.5814857
20.33333333;127.1883575;165.6965459
20.35;127.2389047;165.7839883
20.36666667;127.2999334;165.8548599
20.38333333;127.3504806;165.8484015
20.4;127.4115093;165.8447049
20.41666667;127.4507686;165.8465318
20.43333333;127.4892216;165.845597
20.45;127.5179992;165.9137068
20.46666667;127.5459706;165.9680077
20.48333333;127.573942;165.8262218
20.5;127.6132012;165.7065301
20.51666667;127.6629421;165.9072057
20.53333333;127.7134893;166.0719781
20.55;127.7527485;166.0434254
20.56666667;127.8024894;166.0203963
20.58333333;127.8530365;166.1188857
20.6;127.9140653;166.2035663
20.61666667;127.9533246;166.2440583
20.63333333;128.0038717;166.2790266
20.65;128.0544189;166.3719926
20.66666667;128.1154476;166.4511495
20.68333333;128.1764764;166.4364058
20.7;128.2600809;166.421662
20.71666667;128.3775491;166.2881614
20.73333333;128.5272684;166.1767551
20.75;128.5447582;166.0846814
20.76666667;128.5614416;166.0119401
20.78333333;128.5789314;165.9916728
20.8;128.5956149;165.9796908
20.81666667;128.5905289;166.1002745
20.83333333;128.574155;166.2015258
20.85;128.6134143;166.1425935
20.86666667;128.6639614;166.0919465
20.88333333;128.6814512;166.2539571
20.9;128.7094226;166.3883498
20.91666667;128.7712576;166.4702685
20.93333333;128.8548621;166.5383783
20.95;128.8941214;166.556776
20.96666667;128.9446685;166.5724119
20.98333333;128.9839278;166.6598542
21;129.0344749;166.7334876
21.01666667;129.1406552;166.7380764
21.03333333;129.268605;166.7426651
21.05;129.2860948;166.7500157
21.06666667;129.3027783;166.7546044
21.08333333;129.3307497;166.7288135
21.1;129.3595273;166.7085462
21.11666667;129.3762108;166.6302813
21.13333333;129.3937006;166.5630636
21.15;129.3773267;166.6228881
21.16666667;129.3609528;166.6716654
21.18333333;129.3671547;166.6541599
21.2;129.3733566;166.6421779
21.21666667;129.4013279;166.655052
21.23333333;129.4301056;166.6679261
21.25;129.4806527;166.760892
21.26666667;129.5424878;166.8372872
21.28333333;129.5930349;167.0849131
21.3;129.6540637;167.2911123
21.31666667;129.8053955;167.4089343
21.33333333;129.9897847;167.5074237
21.35;129.962123;167.5341068
21.36666667;129.9231733;167.5607898
21.38333333;129.9180873;167.5819493
21.4;129.9130013;167.6003469
21.41666667;129.9417789;167.6739803
21.43333333;129.9697503;167.7338048
21.45;130.0202975;167.7991529
21.46666667;130.0716509;167.8534537
21.48333333;130.1109102;167.9270872
21.5;130.1501694;167.9869116
21.51666667;130.2120045;167.9335029
21.53333333;130.2851274;167.8883794
21.55;130.3356745;168.011725
21.56666667;130.3862217;168.115738
21.58333333;130.4593446;168.1810861
21.6;130.5550433;168.2326252
21.61666667;130.6725115;168.2123579
21.63333333;130.8238433;168.1920905
21.65;130.8300452;168.2408679
21.66666667;130.847535;168.2813598
21.68333333;130.8537368;168.3108046
21.7;130.8591325;168.3374877
21.71666667;130.8766222;168.4194064
21.73333333;130.894112;168.4902781
21.75;130.9003139;168.4893432
21.76666667;130.9065157;168.4884084
21.78333333;130.945775;168.4101435
21.8;130.9963222;168.3484494
21.81666667;131.0476756;168.4165592
21.83333333;131.0982227;168.4763837
21.85;131.1487699;168.6107764
21.86666667;131.2114112;168.7258366
21.88333333;131.2506705;168.8022318
21.9;131.3012176;168.8675798
21.91666667;131.4194921;168.8252182
21.93333333;131.5716302;168.791142
21.95;131.5552563;168.8537282
21.96666667;131.5388824;168.9080291
21.98333333;131.5563722;168.9457593
22;131.5730557;168.9779659
22.01666667;131.6018333;169.1372147
22.03333333;131.6418989;169.2716074
22.05;131.692446;169.4557122
22.06666667;131.754281;169.6094374
22.08333333;131.7717708;169.5919319
22.1;131.7892606;169.5799499
22.11666667;131.8067503;169.683963
22.13333333;131.8242401;169.7714053
22.15;131.8522115;170.0383638
22.16666667;131.892277;170.2583718
22.18333333;131.9428242;170.2822931
22.2;132.0054655;170.3006908
22.21666667;132.0898763;170.3908949
22.23333333;132.1968629;170.4672901
22.25;132.1692011;170.6016828
22.26666667;132.1423456;170.7139812
22.28333333;132.1485475;170.9201803
22.3;132.165231;171.093238
22.31666667;132.160145;171.0978268
22.33333333;132.155059;171.0996537
22.35;132.1612608;171.1732871
22.36666667;132.1674627;171.2331116
22.38333333;132.2075283;171.306745
22.4;132.2588817;171.3693313
22.41666667;132.2755652;171.3822054
22.43333333;132.2930549;171.3923177
22.45;132.3105447;171.3389089
22.46666667;132.3280345;171.2937855
22.48333333;132.3455242;171.1243817
22.5;132.363014;170.9853576
22.51666667;132.3796975;170.9153781
22.53333333;132.3971873;170.8592075
22.55;132.414677;170.8002752
22.56666667;132.4434547;170.75239
22.58333333;132.4835202;170.7763112
22.6;132.5227795;170.7974707
22.61666667;132.5515571;171.0091934
22.63333333;132.5803348;171.1850129
22.65;132.5978246;171.3553088
22.66666667;132.6153143;171.4952251
22.68333333;132.6102283;171.795325
22.7;132.6051423;172.0429509
22.71666667;132.6000563;172.2491501
22.73333333;132.5949703;172.419446
22.75;132.6568053;172.4875558
22.76666667;132.7307345;172.5446185
22.78333333;132.8602969;172.4497829
22.8;133.0245292;172.3715181
22.81666667;132.9968674;172.4506751
22.83333333;132.9579177;172.5160231
22.85;132.9528317;172.647654
22.86666667;132.9477457;172.7599524
22.88333333;132.9200839;172.753494
22.9;132.8924222;172.7470356
22.91666667;132.9437756;172.8538105
22.93333333;132.995129;172.9412528
22.95;133.0239067;173.0342187
22.96666667;133.0631659;173.1133757
22.98333333;133.1032315;173.2229123
23;133.1545849;173.3131164
23.01666667;133.1720747;173.3232287
23.03333333;133.1895644;173.3361029
23.05;133.2070542;173.257838
23.06666667;133.224544;173.1933821
23.08333333;133.2646095;173.2117798
23.1;133.304675;173.2301774
23.11666667;133.3221648;173.2568605
23.13333333;133.3388483;173.2780199
23.15;133.3902017;173.2411819
23.16666667;133.4415551;173.2071056
23.18333333;133.4816207;173.3525455
23.2;133.5329741;173.4703674
23.21666667;133.539176;173.4860033
23.23333333;133.5566658;173.4988774
23.25;133.5515798;173.5421312
23.26666667;133.5464937;173.5798614
23.28333333;133.5865593;173.7777752
23.3;133.6379127;173.9397857
23.31666667;133.6892661;173.9333273
23.33333333;133.7519075;173.9268689
23.35;133.791973;173.9176487
23.36666667;133.8320385;173.9111903
23.38333333;133.883392;173.9102555
23.4;133.9573212;173.9093207
23.41666667;133.963523;173.8918151
23.43333333;133.9697249;173.8770714
23.45;133.953351;174.0970794
23.46666667;133.9256892;174.2811843
23.48333333;133.9657548;174.338247
23.5;134.0058203;174.3870243
23.51666667;134.0458859;174.4993227
23.53333333;134.0972393;174.5950504
23.55;134.1373048;174.5968774
23.56666667;134.1886583;174.6014661
23.58333333;134.2400117;174.6474816
23.6;134.2913651;174.6852118
23.61666667;134.3088549;174.7975102
23.63333333;134.3263446;174.8904761
23.65;134.3776981;174.9696331
23.66666667;134.4403394;175.0349812
23.68333333;134.469117;175.0147138
23.7;134.5099888;174.9999701
23.71666667;134.5613423;175.0487474
23.73333333;134.6126957;175.0892393
23.75;134.675337;175.1159224
23.76666667;134.7605541;175.1398436
23.78333333;134.7893318;175.3764224
23.8;134.8189157;175.5743362
23.81666667;134.8364054;175.6341607
23.83333333;134.8538952;175.682938
23.85;134.8826729;175.6902885
23.86666667;134.9227384;175.6948773
23.88333333;134.9740918;175.7629871
23.9;135.0262515;175.8200498
23.91666667;135.0550292;175.8163532
23.93333333;135.0950947;175.8154184
23.95;135.1803118;175.7288681
23.96666667;135.2889109;175.6561269
23.98333333;135.2951128;175.7297603
24;135.3013147;175.7923465
24.01666667;135.2962287;176.0289253
24.03333333;135.2911427;176.2296009
24.05;135.3199204;176.4413236
24.06666667;135.348698;176.6199049
24.08333333;135.3895698;176.7653448
24.1;135.4409232;176.8831667
24.11666667;135.4697009;176.9954652
24.13333333;135.5105727;177.0911928
24.15;135.5280625;177.1565409
24.16666667;135.5568401;177.2136036
24.18333333;135.5517541;177.2899988
24.2;135.5466681;177.3553468
24.21666667;135.55287;177.5201192
24.23333333;135.5703598;177.6572736
24.25;135.6225195;177.6508152
24.26666667;135.6851608;177.6443568
24.28333333;135.6913627;177.7014195
24.3;135.6862767;177.7474351
24.31666667;135.7150543;177.6691702
24.33333333;135.7446382;177.6019525
24.35;135.762128;177.7722484
24.36666667;135.7796178;177.9149265
24.38333333;135.7745318;177.8007584
24.4;135.7694458;177.7059229
24.41666667;135.7982234;177.8209831
24.43333333;135.8390952;177.913949
24.45;135.8904487;178.0731977
24.46666667;135.9426084;178.2075904
24.48333333;135.9939618;178.3640774
24.5;136.0453152;178.4957084
24.51666667;136.086187;178.56658
24.53333333;136.1375405;178.6264044
24.55;136.2348517;178.5205217
24.56666667;136.3434508;178.4339715
24.58333333;136.327077;178.4247513
24.6;136.3107031;178.4182929
24.61666667;136.3515749;178.2986013
24.63333333;136.4029283;178.1982421
24.65;136.4438001;178.3381584
24.66666667;136.4951536;178.4532186
24.68333333;136.5134496;178.5958967
24.7;136.5422272;178.7137187
24.71666667;136.559717;178.7845903
24.73333333;136.5772068;178.841653
24.75;136.5955028;178.9926164
24.76666667;136.6129926;179.1159619
24.78333333;136.6651523;179.0266499
24.8;136.7165057;178.9511469
24.81666667;136.7799533;179.1103957
24.83333333;136.8546888;179.2420266
24.85;136.8947543;179.2576625
24.86666667;136.9356261;179.2705366
24.88333333;137.0103616;179.305505
24.9;137.096385;179.3377116
24.91666667;137.1025869;179.4665807
24.93333333;137.1208829;179.5761173
24.95;137.1157969;179.7215572
24.96666667;137.1107109;179.8449027
24.98333333;137.1394886;179.830159
25;137.1803604;179.818177
25.01666667;137.2204259;179.9166665
25.03333333;137.2725856;179.9958234
25.05;137.3013633;180.0335536
25.06666667;137.3422351;180.0629984
25.08333333;137.3597248;180.2581504
25.1;137.3780209;180.420161
25.11666667;137.3955107;180.4357969
25.13333333;137.4250946;180.4514328
25.15;137.4538722;180.5333516
25.16666667;137.4947441;180.6014614
25.18333333;137.5469038;180.5618615
25.2;137.6103514;180.5277853
25.21666667;137.6737989;180.6207512
25.23333333;137.7485344;180.6971464
25.25;137.7660242;180.8204919
25.26666667;137.7843202;180.9272668
25.28333333;137.8130979;181.0561359
25.3;137.8539697;181.1656725
25.31666667;137.8714595;181.0874077
25.33333333;137.8889492;181.0229518
25.35;137.9532031;181.0634437
25.36666667;138.0279386;181.0956503
25.38333333;138.0913862;181.1803309
25.4;138.1661216;181.2484407
25.41666667;138.2069935;181.1729376
25.43333333;138.2478653;181.1112435
25.45;138.2887371;181.1489737
25.46666667;138.3296089;181.1784185
25.48333333;138.3583866;181.2106251
25.5;138.3879705;181.2373082
25.51666667;138.4748001;181.3192269
25.53333333;138.5721114;181.3900985
25.55;138.5791195;181.4416376
25.56666667;138.5853214;181.4876532
25.58333333;138.6149054;181.6109987
25.6;138.6549709;181.7150118
25.61666667;138.6619791;181.7858834
25.63333333;138.6681809;181.8457079
25.65;138.6856707;181.8475348
25.66666667;138.7039667;181.8493618
25.68333333;138.7101686;182.003087
25.7;138.7163705;182.1319561
25.71666667;138.7346665;182.147592
25.73333333;138.7521563;182.1632279
25.75;138.7817402;182.2506702
25.76666667;138.8226121;182.3243036
25.78333333;138.8401018;182.4145078
25.8;138.8696858;182.4881412
25.81666667;138.8758876;182.4071145
25.83333333;138.8933774;182.3398968
25.85;138.9576313;182.4825749
25.86666667;139.0323668;182.6003969
25.88333333;138.9821292;182.6298417
25.9;138.9077033;182.6565247
25.91666667;138.8913294;182.7135874
25.93333333;138.8749555;182.7623647
25.95;138.8811574;182.7365738
25.96666667;138.8760714;182.7190683
25.98333333;138.8709854;182.8258431
26;138.8658994;182.918809
26.01666667;138.8608134;183.075296
26.03333333;138.8557274;183.2069269
26.05;138.8619293;183.2142775
26.06666667;138.8568433;183.221628
26.08333333;138.8977151;183.3284028
26.1;138.9385869;183.4186069
26.11666667;138.9681708;183.4011014
26.13333333;139.0090427;183.3863576
26.15;139.1297359;183.421326
26.16666667;139.2859055;183.4535326
26.18333333;139.2808195;183.4360271
26.2;139.2644456;183.4240451
26.21666667;139.2593596;183.4590135
26.23333333;139.2542736;183.4884583
26.25;139.2491875;183.6780868
26.26666667;139.2441015;183.8373355
26.28333333;139.2615913;183.9496339
26.3;139.2798874;184.0425999
26.31666667;139.3320471;184.1024243
26.33333333;139.3954946;184.1484399
26.35;139.4363665;184.1668375
26.36666667;139.4893324;184.1824734
26.38333333;139.5068222;184.2422979
26.4;139.5364061;184.2965988
26.41666667;139.542608;184.3536615
26.43333333;139.5496162;184.4024388
26.45;139.6364458;184.5395933
26.46666667;139.7458512;184.6518917
26.48333333;139.7407652;184.6454333
26.5;139.7356792;184.6417367
26.51666667;139.7539753;184.6573726
26.53333333;139.771465;184.6730085
26.55;139.7784732;184.7079769
26.56666667;139.7733872;184.7401835
26.58333333;139.790877;184.7806754
26.6;139.809173;184.8184056
26.61666667;139.804087;184.8809919
26.63333333;139.799001;184.9352928
26.65;139.793915;184.9398815
26.66666667;139.788829;184.9444702
26.68333333;139.8063187;185.0319126
26.7;139.8359027;185.105546
26.71666667;139.8767745;185.1543233
26.73333333;139.9176463;185.1948153
26.75;140.027858;185.3236844
26.76666667;140.1614517;185.433221
26.78333333;140.1104079;185.551043
26.8;140.035982;185.6495325
26.81666667;139.9962261;185.734213
26.83333333;139.9451823;185.8050847
26.85;139.9288084;185.8566238
26.86666667;139.9003403;185.8998775
26.88333333;139.9299242;185.8989427
26.9;139.9707961;185.9007696
26.91666667;139.9769979;185.819743
26.93333333;139.995294;185.7525253
26.95;139.9442502;185.7957791
26.96666667;139.8811122;185.8307474
26.98333333;139.8534504;185.8325744
27;139.8136944;185.8344014
27.01666667;139.7973206;185.8445137
27.03333333;139.7688525;185.854626
27.05;139.8331064;185.8454058
27.06666667;139.919936;185.8417092
27.08333333;139.9035621;185.832489
27.1;139.8863819;185.8287924
27.11666667;139.8587202;185.7229097
27.13333333;139.8302521;185.6363595
27.15;139.8138782;185.5939978
27.16666667;139.7854102;185.5571598
27.18333333;139.7464605;185.6915525
27.2;139.6954167;185.8066127
27.21666667;139.6669486;185.8912932
27.23333333;139.6271927;185.9621648
27.25;139.6333946;186.077225
27.26666667;139.6516906;186.1729527
27.28333333;139.6578925;186.1803033
27.3;139.6649006;186.1876538
27.31666667;139.7976881;186.17291
27.33333333;139.9538576;186.1609281
27.35;139.9253896;186.1599932
27.36666667;139.8977278;186.1618202
27.38333333;139.8813539;186.1553618
27.4;139.8641737;186.1489034
27.41666667;139.9050455;186.1700628
27.43333333;139.9580115;186.1884605
27.45;139.9755013;186.2952354
27.46666667;139.9937973;186.3826777
27.48333333;140.0467633;186.4507875
27.5;140.1102109;186.5078502
27.51666667;140.1285069;186.5207243
27.53333333;140.1580909;186.5335984
27.55;140.1642928;186.6320879
27.56666667;140.1704946;186.7140066
27.58333333;140.2234606;186.8704936
27.6;140.2756203;187.0021246
27.61666667;140.467266;187.1696587
27.63333333;140.6927754;187.309575
27.65;140.6530195;187.3252109
27.66666667;140.6019757;187.338085
27.68333333;140.6081775;187.3620062
27.7;140.6151857;187.3831657
27.71666667;140.5754298;187.470608
27.73333333;140.5235796;187.5442414
27.75;140.5072058;187.4853091
27.76666667;140.4908319;187.4374239
27.78333333;140.5429916;187.3039233
27.8;140.6072454;187.1952788
27.81666667;140.6602114;187.2192
27.83333333;140.7244653;187.2375977
27.85;140.7774313;187.2256157
27.86666667;140.8416851;187.2136338
27.88333333;140.8365991;187.1823193
27.9;140.8315131;187.1565284
27.91666667;140.895767;187.1196903
27.93333333;140.9713087;187.085614
27.95;140.9549348;187.1564857
27.96666667;140.9264668;187.2163101
27.98333333;140.9673386;187.2761346
28;141.0203046;187.3276737
28.01666667;141.0611764;187.3543567
28.03333333;141.1141424;187.3810398
28.05;141.1437263;187.3745814
28.06666667;141.1854044;187.368123
28.08333333;141.2262762;187.3616646
28.1;141.2792422;187.3552062
28.11666667;141.296732;187.3929364
28.13333333;141.315028;187.425143
28.15;141.367994;187.3082131
28.16666667;141.4322479;187.2106157
28.18333333;141.6472756;187.2787256
28.2;141.9090675;187.3357883
28.21666667;141.8918874;187.4232306
28.23333333;141.8642256;187.4941022
28.25;141.8470454;187.3661252
28.26666667;141.8306715;187.2602425
28.28333333;141.8255855;187.2841637
28.3;141.8204995;187.2997996
28.31666667;141.8041256;187.1662991
28.33333333;141.7869454;187.0548928
28.35;141.8399114;187.1395733
28.36666667;141.8928774;187.2104449
28.38333333;141.9458434;187.353123
28.4;142.0100973;187.4737068
28.41666667;142.0751574;187.6219084
28.43333333;142.1627933;187.7424922
28.45;142.2157593;187.7774606
28.46666667;142.2800132;187.8069054
28.48333333;142.4377952;187.7893998
28.5;142.6302472;187.7718943
28.51666667;142.5904913;187.7654359
28.53333333;142.5386412;187.7562157
28.55;142.5335552;187.8132784
28.56666667;142.5284692;187.8592939
28.58333333;142.592723;187.6954137
28.6;142.6690711;187.5591513
28.61666667;142.7107492;187.5941197
28.63333333;142.7524273;187.6263263
28.65;142.8053932;187.528729
28.66666667;142.8696471;187.4504641
28.68333333;142.9000373;187.6124747
28.7;142.9296213;187.7468674
28.71666667;142.9946814;187.7072676
28.73333333;143.0710294;187.6759531
28.75;143.2755756;187.6943507
28.76666667;143.5268859;187.7127484
28.78333333;143.4984178;187.9410419
28.8;143.4699498;188.1334321
28.81666667;143.4882458;188.1463062
28.83333333;143.5065418;188.1591803
28.85;143.5361258;188.3902355
28.86666667;143.5657097;188.5826257
28.88333333;143.6073878;188.6175941
28.9;143.6490659;188.6442771
28.91666667;143.690744;188.6792455
28.93333333;143.74371;188.7086904
28.95;143.8208643;188.6359491
28.96666667;143.9205944;188.5770167
28.98333333;143.9856545;188.7528362
29;144.0732904;188.8982761
29.01666667;144.1036806;189.0381924
29.03333333;144.1332646;189.1587761
29.05;144.2104189;189.2710745
29.06666667;144.310149;189.3668022
29.08333333;144.2937751;189.2912992
29.1;144.265307;189.2268433
29.11666667;144.2948909;189.1706727
29.13333333;144.3252811;189.1227875
29.15;144.3548651;189.1632795
29.16666667;144.3852553;189.1982479
29.18333333;144.4382213;189.1558862
29.2;144.5153756;189.12181
29.21666667;144.5102896;189.2120141
29.23333333;144.5052036;189.2856475
29.25;144.5234996;189.3233777
29.26666667;144.5530835;189.3528225
29.28333333;144.5713796;189.3159844
29.3;144.6017698;189.28467
29.31666667;144.771646;189.2644026
29.33333333;144.9890926;189.2468971
29.35;144.9840066;189.3371012
29.36666667;144.9676327;189.4134964
29.38333333;145.2907017;189.445703
29.4;145.6839168;189.4751478
29.41666667;145.5619206;189.6702998
29.43333333;145.4044481;189.8350722
29.45;145.3517917;189.864517
29.46666667;145.2886537;189.8884382
29.48333333;145.5996285;189.9648334
29.5;145.9823621;190.0274197
29.51666667;145.9305119;190.2363806
29.53333333;145.8665677;190.4094383
29.55;145.7792414;190.5106896
29.56666667;145.668533;190.5953701
29.58333333;145.6166829;190.7463336
29.6;145.5406444;190.8724409
29.61666667;145.6298929;190.9709304
29.63333333;145.7304293;191.0556109
29.65;145.643103;191.0629615
29.66666667;145.5436825;191.0675502
29.68333333;145.5273086;191.0169032
29.7;145.4988405;190.9745416
29.71666667;145.5171366;190.9487507
29.73333333;145.5475268;190.9284833
29.75;145.5892049;191.0131639
29.76666667;145.6429771;191.0840355
29.78333333;145.6846552;191.0416739
29.8;145.7384275;191.0048358
29.81666667;145.7567235;191.0591367
29.83333333;145.7750196;191.1051523
29.85;145.8166977;191.1843092
29.86666667;145.8704699;191.2551809
29.88333333;145.9355301;191.4254768
29.9;146.0247785;191.5681548
29.91666667;146.1253149;191.6335029
29.93333333;146.2500396;191.6905656
29.95;146.4449104;191.7586754
29.96666667;146.6865454;191.8129763
29.98333333;146.6701715;191.8396593
30;146.6529913;191.8608188
30.01666667;146.589047;191.8488368
30.03333333;146.5130086;191.8396166
30.05;146.5079226;191.8221111
30.06666667;146.5028366;191.8101291
30.08333333;146.5332268;191.7760528
30.1;146.563617;191.7475001
30.11666667;146.5464368;191.7465653
30.13333333;146.5300629;191.7456305
30.15;146.5838352;191.6646039
30.16666667;146.6488954;191.6001479
30.18333333;146.9389069;191.6931138
30.2;147.2990647;191.7722708
30.21666667;147.5656942;191.9425667
30.23333333;147.9032762;192.082483
30.25;147.7675732;192.1892579
30.26666667;147.5972003;192.279462
30.28333333;147.4623036;192.3613807
30.3;147.3040249;192.4267288
30.31666667;147.2046044;192.5169329
30.33333333;147.0818018;192.5905663
30.35;147.0170513;192.5647754
30.36666667;146.929725;192.5445081
30.38333333;146.9012569;192.6650918
30.4;146.8606947;192.7663431
30.41666667;146.8556087;192.8620708
30.43333333;146.8505227;192.9412278
30.45;146.8809129;192.9596254
30.46666667;146.922591;192.9752613
30.48333333;147.1061739;193.0212769
30.5;147.3373273;193.059007
30.51666667;147.3556233;193.0497869
30.53333333;147.3747256;193.0460902
30.55;147.7590717;193.0700115
30.56666667;148.2385585;193.0884092
30.58333333;148.1859022;193.2200401
30.6;148.1219579;193.3295767
30.61666667;148.0338253;193.2927387
30.63333333;147.9223106;193.2614242
30.65;147.8938426;193.3212486
30.66666667;147.8532804;193.3727878
30.68333333;147.8602885;193.4961333
30.7;147.8552025;193.5973846
30.71666667;147.8380224;193.5633083
30.73333333;147.8095543;193.5375174
30.75;147.7923741;193.699528
30.76666667;147.775194;193.8339207
30.78333333;147.8886308;193.8799362
30.8;148.0254496;193.9176664
30.81666667;147.9727932;193.8808283
30.83333333;147.908849;193.8467521
30.85;147.927145;193.9839066
30.86666667;147.9462473;194.096205
30.88333333;147.9290672;194.0566051
30.9;147.911887;194.0225289
30.91666667;147.9422772;193.9111226
30.93333333;147.9726674;193.816287
30.95;147.9675814;193.8540172
30.96666667;147.9512075;193.883462
30.98333333;147.9928856;193.8935743
31;148.0474641;193.9009249
31.01666667;148.0657602;193.9358932
31.03333333;148.0961504;193.9653381
31.05;148.1386348;194.0085918
31.06666667;148.192407;194.0435602
31.08333333;148.2582734;194.0785286
31.1;148.336234;194.1079734
31.11666667;148.3432422;194.0849443
31.13333333;148.3502503;194.0674388
31.15;148.3564522;194.0803129
31.16666667;148.3755545;194.0904252
31.18333333;148.4527089;194.0839668
31.2;148.5427636;194.0775084
31.21666667;148.6328184;193.8970574
31.23333333;148.7462552;193.7469861
31.25;148.8242157;193.7902399
31.26666667;148.9134642;193.8279701
31.28333333;148.9559486;193.8795092
31.3;149.0105271;193.9255247
31.31666667;149.0409173;194.0295378
31.33333333;149.0834017;194.1197419
31.35;149.1258861;194.1823281
31.36666667;149.1796583;194.236629
31.38333333;149.3051893;194.3102624
31.4;149.4670028;194.3700869
31.41666667;149.4619167;194.4161024
31.43333333;149.4568307;194.4510708
31.45;149.4517447;194.5992725
31.46666667;149.4466587;194.722618
31.48333333;149.4528606;194.7769189
31.5;149.4598688;194.8256963
31.51666667;149.4547828;194.7225753
31.53333333;149.4376026;194.6360251
31.55;149.480087;194.6461374
31.56666667;149.5346655;194.6562498
31.58333333;149.5416737;194.5917938
31.6;149.5478755;194.5383851
31.61666667;149.5669779;194.6064949
31.63333333;149.5852739;194.6635576
31.65;149.5922821;194.8062356
31.66666667;149.5992902;194.9268194
31.68333333;149.5700159;194.9783585
31.7;149.5415478;195.0243741
31.71666667;149.5243677;195.1145782
31.73333333;149.4958996;195.1937352
31.75;149.5021015;195.1872768
31.76666667;149.5212038;195.1835801
31.78333333;149.5757823;195.3649232
31.8;149.6295546;195.5158866
31.81666667;149.6486569;195.5563786
31.83333333;149.6790471;195.5941088
31.85;149.6739611;195.6898365
31.86666667;149.656781;195.7717552
31.88333333;149.651695;195.7045375
31.9;149.646609;195.648367
31.91666667;149.6890933;195.791045
31.93333333;149.7436719;195.9143906
31.95;149.7982504;195.9714533
31.96666667;149.8649231;196.0229924
31.98333333;149.8953133;196.016534
32;149.9257035;196.0100756
32.01666667;149.9327117;196.0091407
32.03333333;149.9397198;196.0082059
32.05;149.9225397;196.0045093
32.06666667;149.9053595;196.0008127
32.08333333;149.9123676;195.9253096
32.1;149.9306637;195.8636155
32.11666667;149.949766;195.8350628
32.13333333;149.9801562;195.8147955
32.15;150.0347348;195.938141
32.16666667;150.1014075;196.0449159
32.18333333;150.1317977;196.0356957
32.2;150.174282;196.031999
32.21666667;150.2409547;196.0448731
32.23333333;150.3310095;196.0577473
32.25;150.3138293;196.0927156
32.26666667;150.2974554;196.1249223
32.28333333;150.2681811;196.0880842
32.3;150.2276189;196.0567697
32.31666667;150.2338208;196.0917381
32.33333333;150.2408289;196.1239447
32.35;150.2478371;196.2141488
32.36666667;150.2548452;196.290544
32.38333333;150.2852354;196.3227506
32.4;150.3277198;196.3494337
32.41666667;150.3226338;196.4423996
32.43333333;150.3175478;196.5243183
32.45;150.3366501;196.6255696
32.46666667;150.3549462;196.7130119
32.48333333;150.3982368;196.8059778
32.5;150.4528154;196.882373
32.51666667;150.5307759;196.9311504
32.53333333;150.621637;196.9688805
32.55;150.9148737;196.9624221
32.56666667;151.2798691;196.9587255
32.58333333;151.5021534;196.9715996
32.6;151.7728143;196.9817119
32.61666667;151.5516459;196.917256
32.63333333;151.2716192;196.8638472
32.65;151.0754454;196.9927164
32.66666667;150.8317013;197.0994912
32.68333333;150.7548565;197.0985564
32.7;150.6538235;197.1003833
32.71666667;150.6487375;197.1215428
32.73333333;150.6315573;197.1427023
32.75;150.6506597;197.2025267
32.76666667;150.6810499;197.2540658
32.78333333;150.7243405;197.369126
32.8;150.778919;197.4648537
32.81666667;150.8093093;197.5384871
32.83333333;150.8405057;197.6010734
32.85;150.8588018;197.7050864
32.86666667;150.8899983;197.789767
32.88333333;150.9445768;197.8578768
32.9;151.0112495;197.9149395
32.91666667;151.065828;197.897434
32.93333333;151.1325007;197.8799284
32.95;151.1749851;197.8928025
32.96666667;151.2295637;197.900153
32.98333333;151.2728543;197.9185507
33;151.3274328;197.9341866
33.01666667;151.334441;198.0050582
33.03333333;151.3406429;198.0648827
33.05;151.3597452;198.0418536
33.06666667;151.3788475;198.024348
33.08333333;151.4334261;198.0924578
33.1;151.5000988;198.1495205
33.11666667;151.5546773;198.1568711
33.13333333;151.6334442;198.1642216
33.15;151.616264;198.0776714
33.16666667;151.5998901;198.0049301
33.18333333;151.5948041;198.0233278
33.2;151.5897181;198.0389637
33.21666667;151.59592;197.8667981
33.23333333;151.6029281;197.7250121
33.25;151.6099363;197.5832262
33.26666667;151.6169444;197.4635346
33.28333333;151.6594288;197.5841183
33.3;151.7148136;197.6853696
33.31666667;151.757298;197.797668
33.33333333;151.8118765;197.8933957
33.35;151.8067905;198.0029323
33.36666667;151.8017045;198.0903747
33.38333333;151.8087127;198.1142959
33.4;151.8157208;198.1326936
33.41666667;151.8823935;198.1234734
33.43333333;151.9611604;198.1142532
33.45;151.9560744;198.0138941
33.46666667;151.9397005;197.9301057
33.48333333;151.9700907;197.978883
33.5;152.0012872;198.0193749
33.51666667;152.0082954;198.032249
33.53333333;152.0153035;198.0451231
33.55;152.0456937;198.0883769
33.56666667;152.0889844;198.1261071
33.58333333;152.0959925;198.0064154
33.6;152.1142886;197.9060563
33.61666667;152.1575792;197.8084589
33.63333333;152.2121578;197.7274323
33.65;152.2554484;197.8397307
33.66666667;152.2979328;197.9354584
33.68333333;152.3412234;198.0008065
33.7;152.395802;198.0578691
33.71666667;152.4632809;198.1950236
33.73333333;152.554142;198.3100838
33.75;152.5369618;198.4196204
33.76666667;152.5076875;198.5098246
33.78333333;152.538884;198.3873711
33.8;152.5700804;198.287012
33.81666667;152.624659;198.2722682
33.83333333;152.6913317;198.2602863
33.85;152.7709048;198.342205
33.86666667;152.8617659;198.4130766
33.88333333;152.9171507;198.48671
33.9;152.9838234;198.5492963
33.91666667;153.0392082;198.5483615
33.93333333;153.1058809;198.5501884
33.95;153.1612657;198.6542015
33.96666667;153.2166505;198.7416438
33.98333333;153.2954174;198.7959447
34;153.3870847;198.8391985
34.01666667;153.4537574;198.8990229
34.03333333;153.5333305;198.9478003
34.05;153.5524328;198.9827686
